cap,res
1.00E-02,10000
0.000000001,1000000
0.000001,10000000
