cap,,res
1.00E-02,,1
0.000000001,,2
0.000001,,3
